"REF_DATE","GEO","DGUID","Statistics","UOM","UOM_ID","SCALAR_FACTOR","SCALAR_ID","VECTOR","COORDINATE","VALUE","STATUS","SYMBOL","TERMINATED","DECIMALS"
"2006/2007","Canada","2016A000011124","Transport expenditures","Dollars","81","millions","6","v123220273","1.1","13619.0","","","","1"
"2006/2007","Canada","2016A000011124","Population","Persons","249","thousands","3","v123220274","1.2","32679.0","","","","1"
"2006/2007","Canada","2016A000011124","Per capita transport expenditures","Dollars","81","units ","0","v123220275","1.3","416.8","","","","1"
"2006/2007","Newfoundland and Labrador","2016A000210","Transport expenditures","Dollars","81","millions","6","v123220276","2.1","280.3","","","","1"
"2006/2007","Newfoundland and Labrador","2016A000210","Population","Persons","249","thousands","3","v123220277","2.2","510.3","","","","1"
"2006/2007","Newfoundland and Labrador","2016A000210","Per capita transport expenditures","Dollars","81","units ","0","v123220278","2.3","549.3","","","","1"
"2006/2007","Prince Edward Island","2106A000211","Transport expenditures","Dollars","81","millions","6","v123220279","3.1","92.2","","","","1"
"2006/2007","Prince Edward Island","2106A000211","Population","Persons","249","thousands","3","v123220280","3.2","137.9","","","","1"
"2006/2007","Prince Edward Island","2106A000211","Per capita transport expenditures","Dollars","81","units ","0","v123220281","3.3","668.3","","","","1"
"2006/2007","Nova Scotia","2016A000212","Transport expenditures","Dollars","81","millions","6","v123220282","4.1","397.5","","","","1"
"2006/2007","Nova Scotia","2016A000212","Population","Persons","249","thousands","3","v123220283","4.2","937.0","","","","1"
"2006/2007","Nova Scotia","2016A000212","Per capita transport expenditures","Dollars","81","units ","0","v123220284","4.3","424.2","","","","1"
"2006/2007","New Brunswick","2016A000213","Transport expenditures","Dollars","81","millions","6","v123220285","5.1","428.2","","","","1"
"2006/2007","New Brunswick","2016A000213","Population","Persons","249","thousands","3","v123220286","5.2","744.9","","","","1"
"2006/2007","New Brunswick","2016A000213","Per capita transport expenditures","Dollars","81","units ","0","v123220287","5.3","574.8","","","","1"
"2006/2007","Quebec","2016A000224","Transport expenditures","Dollars","81","millions","6","v123220288","6.1","3485.8","","","","1"
"2006/2007","Quebec","2016A000224","Population","Persons","249","thousands","3","v123220289","6.2","7652.9","","","","1"
"2006/2007","Quebec","2016A000224","Per capita transport expenditures","Dollars","81","units ","0","v123220290","6.3","455.5","","","","1"
"2006/2007","Ontario","2016A000235","Transport expenditures","Dollars","81","millions","6","v123220291","7.1","4098.2","","","","1"
"2006/2007","Ontario","2016A000235","Population","Persons","249","thousands","3","v123220292","7.2","12700.3","","","","1"
"2006/2007","Ontario","2016A000235","Per capita transport expenditures","Dollars","81","units ","0","v123220293","7.3","322.7","","","","1"
"2006/2007","Manitoba","2016A000246","Transport expenditures","Dollars","81","millions","6","v123220294","8.1","368.9","","","","1"
"2006/2007","Manitoba","2016A000246","Population","Persons","249","thousands","3","v123220295","8.2","1183.9","","","","1"
"2006/2007","Manitoba","2016A000246","Per capita transport expenditures","Dollars","81","units ","0","v123220296","8.3","311.6","","","","1"
"2006/2007","Saskatchewan","2016A000247","Transport expenditures","Dollars","81","millions","6","v123220297","9.1","346.8","","","","1"
"2006/2007","Saskatchewan","2016A000247","Population","Persons","249","thousands","3","v123220298","9.2","993.3","","","","1"
"2006/2007","Saskatchewan","2016A000247","Per capita transport expenditures","Dollars","81","units ","0","v123220299","9.3","349.2","","","","1"
"2006/2007","Alberta","2016A000248","Transport expenditures","Dollars","81","millions","6","v123220300","10.1","1403.4","","","","1"
"2006/2007","Alberta","2016A000248","Population","Persons","249","thousands","3","v123220301","10.2","3453.7","","","","1"
"2006/2007","Alberta","2016A000248","Per capita transport expenditures","Dollars","81","units ","0","v123220302","10.3","406.3","","","","1"
"2006/2007","British Columbia","2016A000259","Transport expenditures","Dollars","81","millions","6","v123220303","11.1","2484.5","","","","1"
"2006/2007","British Columbia","2016A000259","Population","Persons","249","thousands","3","v123220304","11.2","4258.2","","","","1"
"2006/2007","British Columbia","2016A000259","Per capita transport expenditures","Dollars","81","units ","0","v123220305","11.3","583.5","","","","1"
"2006/2007","Yukon","2016A000260","Transport expenditures","Dollars","81","millions","6","v123220306","12.1","108.8","","","","1"
"2006/2007","Yukon","2016A000260","Population","Persons","249","thousands","3","v123220307","12.2","32.4","","","","1"
"2006/2007","Yukon","2016A000260","Per capita transport expenditures","Dollars","81","units ","0","v123220308","12.3","3360.7","","","","1"
"2006/2007","Northwest Territories","2016A000261","Transport expenditures","Dollars","81","millions","6","v123220309","13.1","99.3","","","","1"
"2006/2007","Northwest Territories","2016A000261","Population","Persons","249","thousands","3","v123220310","13.2","43.2","","","","1"
"2006/2007","Northwest Territories","2016A000261","Per capita transport expenditures","Dollars","81","units ","0","v123220311","13.3","2298.3","","","","1"
"2006/2007","Nunavut","2016A000262","Transport expenditures","Dollars","81","millions","6","v123220312","14.1","25.2","","","","1"
"2006/2007","Nunavut","2016A000262","Population","Persons","249","thousands","3","v123220313","14.2","30.9","","","","1"
"2006/2007","Nunavut","2016A000262","Per capita transport expenditures","Dollars","81","units ","0","v123220314","14.3","816.1","","","","1"
"2007/2008","Canada","2016A000011124","Transport expenditures","Dollars","81","millions","6","v123220273","1.1","16749.8","","","","1"
"2007/2008","Canada","2016A000011124","Population","Persons","249","thousands","3","v123220274","1.2","33001.1","","","","1"
"2007/2008","Canada","2016A000011124","Per capita transport expenditures","Dollars","81","units ","0","v123220275","1.3","507.6","","","","1"
"2007/2008","Newfoundland and Labrador","2016A000210","Transport expenditures","Dollars","81","millions","6","v123220276","2.1","305.0","","","","1"
"2007/2008","Newfoundland and Labrador","2016A000210","Population","Persons","249","thousands","3","v123220277","2.2","510.2","","","","1"
"2007/2008","Newfoundland and Labrador","2016A000210","Per capita transport expenditures","Dollars","81","units ","0","v123220278","2.3","597.8","","","","1"
"2007/2008","Prince Edward Island","2106A000211","Transport expenditures","Dollars","81","millions","6","v123220279","3.1","106.4","","","","1"
"2007/2008","Prince Edward Island","2106A000211","Population","Persons","249","thousands","3","v123220280","3.2","138.0","","","","1"
"2007/2008","Prince Edward Island","2106A000211","Per capita transport expenditures","Dollars","81","units ","0","v123220281","3.3","770.5","","","","1"
"2007/2008","Nova Scotia","2016A000212","Transport expenditures","Dollars","81","millions","6","v123220282","4.1","356.8","","","","1"
"2007/2008","Nova Scotia","2016A000212","Population","Persons","249","thousands","3","v123220283","4.2","935.3","","","","1"
"2007/2008","Nova Scotia","2016A000212","Per capita transport expenditures","Dollars","81","units ","0","v123220284","4.3","381.5","","","","1"
"2007/2008","New Brunswick","2016A000213","Transport expenditures","Dollars","81","millions","6","v123220285","5.1","925.9","","","","1"
"2007/2008","New Brunswick","2016A000213","Population","Persons","249","thousands","3","v123220286","5.2","746.1","","","","1"
"2007/2008","New Brunswick","2016A000213","Per capita transport expenditures","Dollars","81","units ","0","v123220287","5.3","1241.0","","","","1"
"2007/2008","Quebec","2016A000224","Transport expenditures","Dollars","81","millions","6","v123220288","6.1","4139.4","","","","1"
"2007/2008","Quebec","2016A000224","Population","Persons","249","thousands","3","v123220289","6.2","7713.0","","","","1"
"2007/2008","Quebec","2016A000224","Per capita transport expenditures","Dollars","81","units ","0","v123220290","6.3","536.7","","","","1"
"2007/2008","Ontario","2016A000235","Transport expenditures","Dollars","81","millions","6","v123220291","7.1","5058.8","","","","1"
"2007/2008","Ontario","2016A000235","Population","Persons","249","thousands","3","v123220292","7.2","12806.6","","","","1"
"2007/2008","Ontario","2016A000235","Per capita transport expenditures","Dollars","81","units ","0","v123220293","7.3","395.0","","","","1"
"2007/2008","Manitoba","2016A000246","Transport expenditures","Dollars","81","millions","6","v123220294","8.1","511.3","","","","1"
"2007/2008","Manitoba","2016A000246","Population","Persons","249","thousands","3","v123220295","8.2","1191.7","","","","1"
"2007/2008","Manitoba","2016A000246","Per capita transport expenditures","Dollars","81","units ","0","v123220296","8.3","429.1","","","","1"
"2007/2008","Saskatchewan","2016A000247","Transport expenditures","Dollars","81","millions","6","v123220297","9.1","439.4","","","","1"
"2007/2008","Saskatchewan","2016A000247","Population","Persons","249","thousands","3","v123220298","9.2","1007.3","","","","1"
"2007/2008","Saskatchewan","2016A000247","Per capita transport expenditures","Dollars","81","units ","0","v123220299","9.3","436.2","","","","1"
"2007/2008","Alberta","2016A000248","Transport expenditures","Dollars","81","millions","6","v123220300","10.1","1937.9","","","","1"
"2007/2008","Alberta","2016A000248","Population","Persons","249","thousands","3","v123220301","10.2","3533.3","","","","1"
"2007/2008","Alberta","2016A000248","Per capita transport expenditures","Dollars","81","units ","0","v123220302","10.3","548.5","","","","1"
"2007/2008","British Columbia","2016A000259","Transport expenditures","Dollars","81","millions","6","v123220303","11.1","2726.2","","","","1"
"2007/2008","British Columbia","2016A000259","Population","Persons","249","thousands","3","v123220304","11.2","4312.0","","","","1"
"2007/2008","British Columbia","2016A000259","Per capita transport expenditures","Dollars","81","units ","0","v123220305","11.3","632.2","","","","1"
"2007/2008","Yukon","2016A000260","Transport expenditures","Dollars","81","millions","6","v123220306","12.1","96.3","","","","1"
"2007/2008","Yukon","2016A000260","Population","Persons","249","thousands","3","v123220307","12.2","32.7","","","","1"
"2007/2008","Yukon","2016A000260","Per capita transport expenditures","Dollars","81","units ","0","v123220308","12.3","2948.6","","","","1"
"2007/2008","Northwest Territories","2016A000261","Transport expenditures","Dollars","81","millions","6","v123220309","13.1","98.9","","","","1"
"2007/2008","Northwest Territories","2016A000261","Population","Persons","249","thousands","3","v123220310","13.2","43.3","","","","1"
"2007/2008","Northwest Territories","2016A000261","Per capita transport expenditures","Dollars","81","units ","0","v123220311","13.3","2286.7","","","","1"
"2007/2008","Nunavut","2016A000262","Transport expenditures","Dollars","81","millions","6","v123220312","14.1","47.6","","","","1"
"2007/2008","Nunavut","2016A000262","Population","Persons","249","thousands","3","v123220313","14.2","31.6","","","","1"
"2007/2008","Nunavut","2016A000262","Per capita transport expenditures","Dollars","81","units ","0","v123220314","14.3","1508.1","","","","1"
"2008/2009","Canada","2016A000011124","Transport expenditures","Dollars","81","millions","6","v123220273","1.1","16855.9","","","","1"
"2008/2009","Canada","2016A000011124","Population","Persons","249","thousands","3","v123220274","1.2","33371.8","","","","1"
"2008/2009","Canada","2016A000011124","Per capita transport expenditures","Dollars","81","units ","0","v123220275","1.3","505.1","","","","1"
"2008/2009","Newfoundland and Labrador","2016A000210","Transport expenditures","Dollars","81","millions","6","v123220276","2.1","409.2","","","","1"
"2008/2009","Newfoundland and Labrador","2016A000210","Population","Persons","249","thousands","3","v123220277","2.2","513.4","","","","1"
"2008/2009","Newfoundland and Labrador","2016A000210","Per capita transport expenditures","Dollars","81","units ","0","v123220278","2.3","797.0","","","","1"
"2008/2009","Prince Edward Island","2106A000211","Transport expenditures","Dollars","81","millions","6","v123220279","3.1","114.0","","","","1"
"2008/2009","Prince Edward Island","2106A000211","Population","Persons","249","thousands","3","v123220280","3.2","139.5","","","","1"
"2008/2009","Prince Edward Island","2106A000211","Per capita transport expenditures","Dollars","81","units ","0","v123220281","3.3","817.3","","","","1"
"2008/2009","Nova Scotia","2016A000212","Transport expenditures","Dollars","81","millions","6","v123220282","4.1","408.1","","","","1"
"2008/2009","Nova Scotia","2016A000212","Population","Persons","249","thousands","3","v123220283","4.2","937.0","","","","1"
"2008/2009","Nova Scotia","2016A000212","Per capita transport expenditures","Dollars","81","units ","0","v123220284","4.3","435.5","","","","1"
"2008/2009","New Brunswick","2016A000213","Transport expenditures","Dollars","81","millions","6","v123220285","5.1","533.0","","","","1"
"2008/2009","New Brunswick","2016A000213","Population","Persons","249","thousands","3","v123220286","5.2","747.8","","","","1"
"2008/2009","New Brunswick","2016A000213","Per capita transport expenditures","Dollars","81","units ","0","v123220287","5.3","712.8","","","","1"
"2008/2009","Quebec","2016A000224","Transport expenditures","Dollars","81","millions","6","v123220288","6.1","5335.1","","","","1"
"2008/2009","Quebec","2016A000224","Population","Persons","249","thousands","3","v123220289","6.2","7786.4","","","","1"
"2008/2009","Quebec","2016A000224","Per capita transport expenditures","Dollars","81","units ","0","v123220290","6.3","685.2","","","","1"
"2008/2009","Ontario","2016A000235","Transport expenditures","Dollars","81","millions","6","v123220291","7.1","4084.0","","","","1"
"2008/2009","Ontario","2016A000235","Population","Persons","249","thousands","3","v123220292","7.2","12926.6","","","","1"
"2008/2009","Ontario","2016A000235","Per capita transport expenditures","Dollars","81","units ","0","v123220293","7.3","315.9","","","","1"
"2008/2009","Manitoba","2016A000246","Transport expenditures","Dollars","81","millions","6","v123220294","8.1","540.8","","","","1"
"2008/2009","Manitoba","2016A000246","Population","Persons","249","thousands","3","v123220295","8.2","1199.6","","","","1"
"2008/2009","Manitoba","2016A000246","Per capita transport expenditures","Dollars","81","units ","0","v123220296","8.3","450.8","","","","1"
"2008/2009","Saskatchewan","2016A000247","Transport expenditures","Dollars","81","millions","6","v123220297","9.1","598.7","","","","1"
"2008/2009","Saskatchewan","2016A000247","Population","Persons","249","thousands","3","v123220298","9.2","1022.5","","","","1"
"2008/2009","Saskatchewan","2016A000247","Per capita transport expenditures","Dollars","81","units ","0","v123220299","9.3","585.5","","","","1"
"2008/2009","Alberta","2016A000248","Transport expenditures","Dollars","81","millions","6","v123220300","10.1","2330.4","","","","1"
"2008/2009","Alberta","2016A000248","Population","Persons","249","thousands","3","v123220301","10.2","3619.3","","","","1"
"2008/2009","Alberta","2016A000248","Per capita transport expenditures","Dollars","81","units ","0","v123220302","10.3","643.9","","","","1"
"2008/2009","British Columbia","2016A000259","Transport expenditures","Dollars","81","millions","6","v123220303","11.1","2224.0","","","","1"
"2008/2009","British Columbia","2016A000259","Population","Persons","249","thousands","3","v123220304","11.2","4371.3","","","","1"
"2008/2009","British Columbia","2016A000259","Per capita transport expenditures","Dollars","81","units ","0","v123220305","11.3","508.8","","","","1"
"2008/2009","Yukon","2016A000260","Transport expenditures","Dollars","81","millions","6","v123220306","12.1","107.6","","","","1"
"2008/2009","Yukon","2016A000260","Population","Persons","249","thousands","3","v123220307","12.2","33.3","","","","1"
"2008/2009","Yukon","2016A000260","Per capita transport expenditures","Dollars","81","units ","0","v123220308","12.3","3231.6","","","","1"
"2008/2009","Northwest Territories","2016A000261","Transport expenditures","Dollars","81","millions","6","v123220309","13.1","125.2","","","","1"
"2008/2009","Northwest Territories","2016A000261","Population","Persons","249","thousands","3","v123220310","13.2","43.3","","","","1"
"2008/2009","Northwest Territories","2016A000261","Per capita transport expenditures","Dollars","81","units ","0","v123220311","13.3","2891.8","","","","1"
"2008/2009","Nunavut","2016A000262","Transport expenditures","Dollars","81","millions","6","v123220312","14.1","45.8","","","","1"
"2008/2009","Nunavut","2016A000262","Population","Persons","249","thousands","3","v123220313","14.2","32.0","","","","1"
"2008/2009","Nunavut","2016A000262","Per capita transport expenditures","Dollars","81","units ","0","v123220314","14.3","1434.0","","","","1"
"2009/2010","Canada","2016A000011124","Transport expenditures","Dollars","81","millions","6","v123220273","1.1","15695.9","","","","1"
"2009/2010","Canada","2016A000011124","Population","Persons","249","thousands","3","v123220274","1.2","33756.7","","","","1"
"2009/2010","Canada","2016A000011124","Per capita transport expenditures","Dollars","81","units ","0","v123220275","1.3","465.0","","","","1"
"2009/2010","Newfoundland and Labrador","2016A000210","Transport expenditures","Dollars","81","millions","6","v123220276","2.1","444.9","","","","1"
"2009/2010","Newfoundland and Labrador","2016A000210","Population","Persons","249","thousands","3","v123220277","2.2","519.0","","","","1"
"2009/2010","Newfoundland and Labrador","2016A000210","Per capita transport expenditures","Dollars","81","units ","0","v123220278","2.3","857.4","","","","1"
"2009/2010","Prince Edward Island","2106A000211","Transport expenditures","Dollars","81","millions","6","v123220279","3.1","124.6","","","","1"
"2009/2010","Prince Edward Island","2106A000211","Population","Persons","249","thousands","3","v123220280","3.2","140.6","","","","1"
"2009/2010","Prince Edward Island","2106A000211","Per capita transport expenditures","Dollars","81","units ","0","v123220281","3.3","885.9","","","","1"
"2009/2010","Nova Scotia","2016A000212","Transport expenditures","Dollars","81","millions","6","v123220282","4.1","420.9","","","","1"
"2009/2010","Nova Scotia","2016A000212","Population","Persons","249","thousands","3","v123220283","4.2","940.5","","","","1"
"2009/2010","Nova Scotia","2016A000212","Per capita transport expenditures","Dollars","81","units ","0","v123220284","4.3","447.5","","","","1"
"2009/2010","New Brunswick","2016A000213","Transport expenditures","Dollars","81","millions","6","v123220285","5.1","559.8","","","","1"
"2009/2010","New Brunswick","2016A000213","Population","Persons","249","thousands","3","v123220286","5.2","751.1","","","","1"
"2009/2010","New Brunswick","2016A000213","Per capita transport expenditures","Dollars","81","units ","0","v123220287","5.3","745.3","","","","1"
"2009/2010","Quebec","2016A000224","Transport expenditures","Dollars","81","millions","6","v123220288","6.1","4606.3","","","","1"
"2009/2010","Quebec","2016A000224","Population","Persons","249","thousands","3","v123220289","6.2","7871.4","","","","1"
"2009/2010","Quebec","2016A000224","Per capita transport expenditures","Dollars","81","units ","0","v123220290","6.3","585.2","","","","1"
"2009/2010","Ontario","2016A000235","Transport expenditures","Dollars","81","millions","6","v123220291","7.1","2521.4","","","","1"
"2009/2010","Ontario","2016A000235","Population","Persons","249","thousands","3","v123220292","7.2","13046.8","","","","1"
"2009/2010","Ontario","2016A000235","Per capita transport expenditures","Dollars","81","units ","0","v123220293","7.3","193.3","","","","1"
"2009/2010","Manitoba","2016A000246","Transport expenditures","Dollars","81","millions","6","v123220294","8.1","662.2","","","","1"
"2009/2010","Manitoba","2016A000246","Population","Persons","249","thousands","3","v123220295","8.2","1211.9","","","","1"
"2009/2010","Manitoba","2016A000246","Per capita transport expenditures","Dollars","81","units ","0","v123220296","8.3","546.4","","","","1"
"2009/2010","Saskatchewan","2016A000247","Transport expenditures","Dollars","81","millions","6","v123220297","9.1","574.7","","","","1"
"2009/2010","Saskatchewan","2016A000247","Population","Persons","249","thousands","3","v123220298","9.2","1039.5","","","","1"
"2009/2010","Saskatchewan","2016A000247","Per capita transport expenditures","Dollars","81","units ","0","v123220299","9.3","552.9","","","","1"
"2009/2010","Alberta","2016A000248","Transport expenditures","Dollars","81","millions","6","v123220300","10.1","3160.1","","","","1"
"2009/2010","Alberta","2016A000248","Population","Persons","249","thousands","3","v123220301","10.2","3694.5","","","","1"
"2009/2010","Alberta","2016A000248","Per capita transport expenditures","Dollars","81","units ","0","v123220302","10.3","855.3","","","","1"
"2009/2010","British Columbia","2016A000259","Transport expenditures","Dollars","81","millions","6","v123220303","11.1","2306.5","","","","1"
"2009/2010","British Columbia","2016A000259","Population","Persons","249","thousands","3","v123220304","11.2","4431.7","","","","1"
"2009/2010","British Columbia","2016A000259","Per capita transport expenditures","Dollars","81","units ","0","v123220305","11.3","520.5","","","","1"
"2009/2010","Yukon","2016A000260","Transport expenditures","Dollars","81","millions","6","v123220306","12.1","116.3","","","","1"
"2009/2010","Yukon","2016A000260","Population","Persons","249","thousands","3","v123220307","12.2","34.0","","","","1"
"2009/2010","Yukon","2016A000260","Per capita transport expenditures","Dollars","81","units ","0","v123220308","12.3","3419.2","","","","1"
"2009/2010","Northwest Territories","2016A000261","Transport expenditures","Dollars","81","millions","6","v123220309","13.1","164.9","","","","1"
"2009/2010","Northwest Territories","2016A000261","Population","Persons","249","thousands","3","v123220310","13.2","42.9","","","","1"
"2009/2010","Northwest Territories","2016A000261","Per capita transport expenditures","Dollars","81","units ","0","v123220311","13.3","3841.9","","","","1"
"2009/2010","Nunavut","2016A000262","Transport expenditures","Dollars","81","millions","6","v123220312","14.1","33.2","","","","1"
"2009/2010","Nunavut","2016A000262","Population","Persons","249","thousands","3","v123220313","14.2","32.8","","","","1"
"2009/2010","Nunavut","2016A000262","Per capita transport expenditures","Dollars","81","units ","0","v123220314","14.3","1012.4","","","","1"
"2010/2011","Canada","2016A000011124","Transport expenditures","Dollars","81","millions","6","v123220273","1.1","16335.8","","","","1"
"2010/2011","Canada","2016A000011124","Population","Persons","249","thousands","3","v123220274","1.2","34131.5","","","","1"
"2010/2011","Canada","2016A000011124","Per capita transport expenditures","Dollars","81","units ","0","v123220275","1.3","478.6","","","","1"
"2010/2011","Newfoundland and Labrador","2016A000210","Transport expenditures","Dollars","81","millions","6","v123220276","2.1","512.2","","","","1"
"2010/2011","Newfoundland and Labrador","2016A000210","Population","Persons","249","thousands","3","v123220277","2.2","522.8","","","","1"
"2010/2011","Newfoundland and Labrador","2016A000210","Per capita transport expenditures","Dollars","81","units ","0","v123220278","2.3","979.6","","","","1"
"2010/2011","Prince Edward Island","2106A000211","Transport expenditures","Dollars","81","millions","6","v123220279","3.1","121.8","","","","1"
"2010/2011","Prince Edward Island","2106A000211","Population","Persons","249","thousands","3","v123220280","3.2","142.7","","","","1"
"2010/2011","Prince Edward Island","2106A000211","Per capita transport expenditures","Dollars","81","units ","0","v123220281","3.3","853.0","","","","1"
"2010/2011","Nova Scotia","2016A000212","Transport expenditures","Dollars","81","millions","6","v123220282","4.1","520.3","","","","1"
"2010/2011","Nova Scotia","2016A000212","Population","Persons","249","thousands","3","v123220283","4.2","944.2","","","","1"
"2010/2011","Nova Scotia","2016A000212","Per capita transport expenditures","Dollars","81","units ","0","v123220284","4.3","551.1","","","","1"
"2010/2011","New Brunswick","2016A000213","Transport expenditures","Dollars","81","millions","6","v123220285","5.1","629.2","","","","1"
"2010/2011","New Brunswick","2016A000213","Population","Persons","249","thousands","3","v123220286","5.2","754.3","","","","1"
"2010/2011","New Brunswick","2016A000213","Per capita transport expenditures","Dollars","81","units ","0","v123220287","5.3","834.2","","","","1"
"2010/2011","Quebec","2016A000224","Transport expenditures","Dollars","81","millions","6","v123220288","6.1","4994.8","","","","1"
"2010/2011","Quebec","2016A000224","Population","Persons","249","thousands","3","v123220289","6.2","7955.0","","","","1"
"2010/2011","Quebec","2016A000224","Per capita transport expenditures","Dollars","81","units ","0","v123220290","6.3","627.9","","","","1"
"2010/2011","Ontario","2016A000235","Transport expenditures","Dollars","81","millions","6","v123220291","7.1","2521.3","","","","1"
"2010/2011","Ontario","2016A000235","Population","Persons","249","thousands","3","v123220292","7.2","13188.7","","","","1"
"2010/2011","Ontario","2016A000235","Per capita transport expenditures","Dollars","81","units ","0","v123220293","7.3","191.2","","","","1"
"2010/2011","Manitoba","2016A000246","Transport expenditures","Dollars","81","millions","6","v123220294","8.1","591.0","","","","1"
"2010/2011","Manitoba","2016A000246","Population","Persons","249","thousands","3","v123220295","8.2","1224.8","","","","1"
"2010/2011","Manitoba","2016A000246","Per capita transport expenditures","Dollars","81","units ","0","v123220296","8.3","482.5","","","","1"
"2010/2011","Saskatchewan","2016A000247","Transport expenditures","Dollars","81","millions","6","v123220297","9.1","599.0","","","","1"
"2010/2011","Saskatchewan","2016A000247","Population","Persons","249","thousands","3","v123220298","9.2","1056.1","","","","1"
"2010/2011","Saskatchewan","2016A000247","Per capita transport expenditures","Dollars","81","units ","0","v123220299","9.3","567.2","","","","1"
"2010/2011","Alberta","2016A000248","Transport expenditures","Dollars","81","millions","6","v123220300","10.1","2684.9","","","","1"
"2010/2011","Alberta","2016A000248","Population","Persons","249","thousands","3","v123220301","10.2","3747.5","","","","1"
"2010/2011","Alberta","2016A000248","Per capita transport expenditures","Dollars","81","units ","0","v123220302","10.3","716.5","","","","1"
"2010/2011","British Columbia","2016A000259","Transport expenditures","Dollars","81","millions","6","v123220303","11.1","2668.8","","","","1"
"2010/2011","British Columbia","2016A000259","Population","Persons","249","thousands","3","v123220304","11.2","4483.7","","","","1"
"2010/2011","British Columbia","2016A000259","Per capita transport expenditures","Dollars","81","units ","0","v123220305","11.3","595.2","","","","1"
"2010/2011","Yukon","2016A000260","Transport expenditures","Dollars","81","millions","6","v123220306","12.1","99.7","","","","1"
"2010/2011","Yukon","2016A000260","Population","Persons","249","thousands","3","v123220307","12.2","34.8","","","","1"
"2010/2011","Yukon","2016A000260","Per capita transport expenditures","Dollars","81","units ","0","v123220308","12.3","2865.2","","","","1"
"2010/2011","Northwest Territories","2016A000261","Transport expenditures","Dollars","81","millions","6","v123220309","13.1","352.8","","","","1"
"2010/2011","Northwest Territories","2016A000261","Population","Persons","249","thousands","3","v123220310","13.2","43.3","","","","1"
"2010/2011","Northwest Territories","2016A000261","Per capita transport expenditures","Dollars","81","units ","0","v123220311","13.3","8148.6","","","","1"
"2010/2011","Nunavut","2016A000262","Transport expenditures","Dollars","81","millions","6","v123220312","14.1","40.1","","","","1"
"2010/2011","Nunavut","2016A000262","Population","Persons","249","thousands","3","v123220313","14.2","33.6","","","","1"
"2010/2011","Nunavut","2016A000262","Per capita transport expenditures","Dollars","81","units ","0","v123220314","14.3","1193.3","","","","1"
"2011/2012","Canada","2016A000011124","Transport expenditures","Dollars","81","millions","6","v123220273","1.1","16098.8","","","","1"
"2011/2012","Canada","2016A000011124","Population","Persons","249","thousands","3","v123220274","1.2","34469.3","","","","1"
"2011/2012","Canada","2016A000011124","Per capita transport expenditures","Dollars","81","units ","0","v123220275","1.3","467.0","","","","1"
"2011/2012","Newfoundland and Labrador","2016A000210","Transport expenditures","Dollars","81","millions","6","v123220276","2.1","476.3","","","","1"
"2011/2012","Newfoundland and Labrador","2016A000210","Population","Persons","249","thousands","3","v123220277","2.2","525.9","","","","1"
"2011/2012","Newfoundland and Labrador","2016A000210","Per capita transport expenditures","Dollars","81","units ","0","v123220278","2.3","905.7","","","","1"
"2011/2012","Prince Edward Island","2106A000211","Transport expenditures","Dollars","81","millions","6","v123220279","3.1","127.1","","","","1"
"2011/2012","Prince Edward Island","2106A000211","Population","Persons","249","thousands","3","v123220280","3.2","144.5","","","","1"
"2011/2012","Prince Edward Island","2106A000211","Per capita transport expenditures","Dollars","81","units ","0","v123220281","3.3","879.7","","","","1"
"2011/2012","Nova Scotia","2016A000212","Transport expenditures","Dollars","81","millions","6","v123220282","4.1","602.5","","","","1"
"2011/2012","Nova Scotia","2016A000212","Population","Persons","249","thousands","3","v123220283","4.2","945.3","","","","1"
"2011/2012","Nova Scotia","2016A000212","Per capita transport expenditures","Dollars","81","units ","0","v123220284","4.3","637.4","","","","1"
"2011/2012","New Brunswick","2016A000213","Transport expenditures","Dollars","81","millions","6","v123220285","5.1","441.8","","","","1"
"2011/2012","New Brunswick","2016A000213","Population","Persons","249","thousands","3","v123220286","5.2","755.7","","","","1"
"2011/2012","New Brunswick","2016A000213","Per capita transport expenditures","Dollars","81","units ","0","v123220287","5.3","584.6","","","","1"
"2011/2012","Quebec","2016A000224","Transport expenditures","Dollars","81","millions","6","v123220288","6.1","5259.0","","","","1"
"2011/2012","Quebec","2016A000224","Population","Persons","249","thousands","3","v123220289","6.2","8031.4","","","","1"
"2011/2012","Quebec","2016A000224","Per capita transport expenditures","Dollars","81","units ","0","v123220290","6.3","654.8","","","","1"
"2011/2012","Ontario","2016A000235","Transport expenditures","Dollars","81","millions","6","v123220291","7.1","2641.2","","","","1"
"2011/2012","Ontario","2016A000235","Population","Persons","249","thousands","3","v123220292","7.2","13317.1","","","","1"
"2011/2012","Ontario","2016A000235","Per capita transport expenditures","Dollars","81","units ","0","v123220293","7.3","198.3","","","","1"
"2011/2012","Manitoba","2016A000246","Transport expenditures","Dollars","81","millions","6","v123220294","8.1","582.6","","","","1"
"2011/2012","Manitoba","2016A000246","Population","Persons","249","thousands","3","v123220295","8.2","1237.8","","","","1"
"2011/2012","Manitoba","2016A000246","Per capita transport expenditures","Dollars","81","units ","0","v123220296","8.3","470.7","","","","1"
"2011/2012","Saskatchewan","2016A000247","Transport expenditures","Dollars","81","millions","6","v123220297","9.1","598.4","","","","1"
"2011/2012","Saskatchewan","2016A000247","Population","Persons","249","thousands","3","v123220298","9.2","1070.9","","","","1"
"2011/2012","Saskatchewan","2016A000247","Per capita transport expenditures","Dollars","81","units ","0","v123220299","9.3","558.8","","","","1"
"2011/2012","Alberta","2016A000248","Transport expenditures","Dollars","81","millions","6","v123220300","10.1","2724.0","","","","1"
"2011/2012","Alberta","2016A000248","Population","Persons","249","thousands","3","v123220301","10.2","3807.0","","","","1"
"2011/2012","Alberta","2016A000248","Per capita transport expenditures","Dollars","81","units ","0","v123220302","10.3","715.5","","","","1"
"2011/2012","British Columbia","2016A000259","Transport expenditures","Dollars","81","millions","6","v123220303","11.1","2297.0","","","","1"
"2011/2012","British Columbia","2016A000259","Population","Persons","249","thousands","3","v123220304","11.2","4520.3","","","","1"
"2011/2012","British Columbia","2016A000259","Per capita transport expenditures","Dollars","81","units ","0","v123220305","11.3","508.2","","","","1"
"2011/2012","Yukon","2016A000260","Transport expenditures","Dollars","81","millions","6","v123220306","12.1","99.3","","","","1"
"2011/2012","Yukon","2016A000260","Population","Persons","249","thousands","3","v123220307","12.2","35.5","","","","1"
"2011/2012","Yukon","2016A000260","Per capita transport expenditures","Dollars","81","units ","0","v123220308","12.3","2793.3","","","","1"
"2011/2012","Northwest Territories","2016A000261","Transport expenditures","Dollars","81","millions","6","v123220309","13.1","210.4","","","","1"
"2011/2012","Northwest Territories","2016A000261","Population","Persons","249","thousands","3","v123220310","13.2","43.5","","","","1"
"2011/2012","Northwest Territories","2016A000261","Per capita transport expenditures","Dollars","81","units ","0","v123220311","13.3","4832.9","","","","1"
"2011/2012","Nunavut","2016A000262","Transport expenditures","Dollars","81","millions","6","v123220312","14.1","39.2","","","","1"
"2011/2012","Nunavut","2016A000262","Population","Persons","249","thousands","3","v123220313","14.2","34.4","","","","1"
"2011/2012","Nunavut","2016A000262","Per capita transport expenditures","Dollars","81","units ","0","v123220314","14.3","1140.5","","","","1"
"2012/2013","Canada","2016A000011124","Transport expenditures","Dollars","81","millions","6","v123220273","1.1","19809.0","","","","1"
"2012/2013","Canada","2016A000011124","Population","Persons","249","thousands","3","v123220274","1.2","34880.9","","","","1"
"2012/2013","Canada","2016A000011124","Per capita transport expenditures","Dollars","81","units ","0","v123220275","1.3","567.9","","","","1"
"2012/2013","Newfoundland and Labrador","2016A000210","Transport expenditures","Dollars","81","millions","6","v123220276","2.1","395.6","","","","1"
"2012/2013","Newfoundland and Labrador","2016A000210","Population","Persons","249","thousands","3","v123220277","2.2","527.3","","","","1"
"2012/2013","Newfoundland and Labrador","2016A000210","Per capita transport expenditures","Dollars","81","units ","0","v123220278","2.3","750.2","","","","1"
"2012/2013","Prince Edward Island","2106A000211","Transport expenditures","Dollars","81","millions","6","v123220279","3.1","121.7","","","","1"
"2012/2013","Prince Edward Island","2106A000211","Population","Persons","249","thousands","3","v123220280","3.2","145.2","","","","1"
"2012/2013","Prince Edward Island","2106A000211","Per capita transport expenditures","Dollars","81","units ","0","v123220281","3.3","838.1","","","","1"
"2012/2013","Nova Scotia","2016A000212","Transport expenditures","Dollars","81","millions","6","v123220282","4.1","603.5","","","","1"
"2012/2013","Nova Scotia","2016A000212","Population","Persons","249","thousands","3","v123220283","4.2","945.0","","","","1"
"2012/2013","Nova Scotia","2016A000212","Per capita transport expenditures","Dollars","81","units ","0","v123220284","4.3","638.6","","","","1"
"2012/2013","New Brunswick","2016A000213","Transport expenditures","Dollars","81","millions","6","v123220285","5.1","900.5","","","","1"
"2012/2013","New Brunswick","2016A000213","Population","Persons","249","thousands","3","v123220286","5.2","756.8","","","","1"
"2012/2013","New Brunswick","2016A000213","Per capita transport expenditures","Dollars","81","units ","0","v123220287","5.3","1189.9","","","","1"
"2012/2013","Quebec","2016A000224","Transport expenditures","Dollars","81","millions","6","v123220288","6.1","7100.5","","","","1"
"2012/2013","Quebec","2016A000224","Population","Persons","249","thousands","3","v123220289","6.2","8108.3","","","","1"
"2012/2013","Quebec","2016A000224","Per capita transport expenditures","Dollars","81","units ","0","v123220290","6.3","875.7","","","","1"
"2012/2013","Ontario","2016A000235","Transport expenditures","Dollars","81","millions","6","v123220291","7.1","4164.4","","","","1"
"2012/2013","Ontario","2016A000235","Population","Persons","249","thousands","3","v123220292","7.2","13463.3","","","","1"
"2012/2013","Ontario","2016A000235","Per capita transport expenditures","Dollars","81","units ","0","v123220293","7.3","309.3","","","","1"
"2012/2013","Manitoba","2016A000246","Transport expenditures","Dollars","81","millions","6","v123220294","8.1","602.7","","","","1"
"2012/2013","Manitoba","2016A000246","Population","Persons","249","thousands","3","v123220295","8.2","1254.6","","","","1"
"2012/2013","Manitoba","2016A000246","Per capita transport expenditures","Dollars","81","units ","0","v123220296","8.3","480.3","","","","1"
"2012/2013","Saskatchewan","2016A000247","Transport expenditures","Dollars","81","millions","6","v123220297","9.1","582.6","","","","1"
"2012/2013","Saskatchewan","2016A000247","Population","Persons","249","thousands","3","v123220298","9.2","1091.9","","","","1"
"2012/2013","Saskatchewan","2016A000247","Per capita transport expenditures","Dollars","81","units ","0","v123220299","9.3","533.6","","","","1"
"2012/2013","Alberta","2016A000248","Transport expenditures","Dollars","81","millions","6","v123220300","10.1","2588.1","","","","1"
"2012/2013","Alberta","2016A000248","Population","Persons","249","thousands","3","v123220301","10.2","3908.8","","","","1"
"2012/2013","Alberta","2016A000248","Per capita transport expenditures","Dollars","81","units ","0","v123220302","10.3","662.1","","","","1"
"2012/2013","British Columbia","2016A000259","Transport expenditures","Dollars","81","millions","6","v123220303","11.1","2371.0","","","","1"
"2012/2013","British Columbia","2016A000259","Population","Persons","249","thousands","3","v123220304","11.2","4564.9","","","","1"
"2012/2013","British Columbia","2016A000259","Per capita transport expenditures","Dollars","81","units ","0","v123220305","11.3","519.4","","","","1"
"2012/2013","Yukon","2016A000260","Transport expenditures","Dollars","81","millions","6","v123220306","12.1","113.6","","","","1"
"2012/2013","Yukon","2016A000260","Population","Persons","249","thousands","3","v123220307","12.2","36.2","","","","1"
"2012/2013","Yukon","2016A000260","Per capita transport expenditures","Dollars","81","units ","0","v123220308","12.3","3135.0","","","","1"
"2012/2013","Northwest Territories","2016A000261","Transport expenditures","Dollars","81","millions","6","v123220309","13.1","204.9","","","","1"
"2012/2013","Northwest Territories","2016A000261","Population","Persons","249","thousands","3","v123220310","13.2","43.6","","","","1"
"2012/2013","Northwest Territories","2016A000261","Per capita transport expenditures","Dollars","81","units ","0","v123220311","13.3","4697.2","","","","1"
"2012/2013","Nunavut","2016A000262","Transport expenditures","Dollars","81","millions","6","v123220312","14.1","59.8","","","","1"
"2012/2013","Nunavut","2016A000262","Population","Persons","249","thousands","3","v123220313","14.2","34.9","","","","1"
"2012/2013","Nunavut","2016A000262","Per capita transport expenditures","Dollars","81","units ","0","v123220314","14.3","1714.2","","","","1"
"2013/2014","Canada","2016A000011124","Transport expenditures","Dollars","81","millions","6","v123220273","1.1","22481.6","","","","1"
"2013/2014","Canada","2016A000011124","Population","Persons","249","thousands","3","v123220274","1.2","35293.3","","","","1"
"2013/2014","Canada","2016A000011124","Per capita transport expenditures","Dollars","81","units ","0","v123220275","1.3","637.0","","","","1"
"2013/2014","Newfoundland and Labrador","2016A000210","Transport expenditures","Dollars","81","millions","6","v123220276","2.1","395.6","","","","1"
"2013/2014","Newfoundland and Labrador","2016A000210","Population","Persons","249","thousands","3","v123220277","2.2","528.5","","","","1"
"2013/2014","Newfoundland and Labrador","2016A000210","Per capita transport expenditures","Dollars","81","units ","0","v123220278","2.3","748.6","","","","1"
"2013/2014","Prince Edward Island","2106A000211","Transport expenditures","Dollars","81","millions","6","v123220279","3.1","108.8","","","","1"
"2013/2014","Prince Edward Island","2106A000211","Population","Persons","249","thousands","3","v123220280","3.2","145.3","","","","1"
"2013/2014","Prince Edward Island","2106A000211","Per capita transport expenditures","Dollars","81","units ","0","v123220281","3.3","748.8","","","","1"
"2013/2014","Nova Scotia","2016A000212","Transport expenditures","Dollars","81","millions","6","v123220282","4.1","624.6","","","","1"
"2013/2014","Nova Scotia","2016A000212","Population","Persons","249","thousands","3","v123220283","4.2","943.6","","","","1"
"2013/2014","Nova Scotia","2016A000212","Per capita transport expenditures","Dollars","81","units ","0","v123220284","4.3","662.0","","","","1"
"2013/2014","New Brunswick","2016A000213","Transport expenditures","Dollars","81","millions","6","v123220285","5.1","391.9","","","","1"
"2013/2014","New Brunswick","2016A000213","Population","Persons","249","thousands","3","v123220286","5.2","755.6","","","","1"
"2013/2014","New Brunswick","2016A000213","Per capita transport expenditures","Dollars","81","units ","0","v123220287","5.3","518.6","","","","1"
"2013/2014","Quebec","2016A000224","Transport expenditures","Dollars","81","millions","6","v123220288","6.1","10005.8","","","","1"
"2013/2014","Quebec","2016A000224","Population","Persons","249","thousands","3","v123220289","6.2","8174.3","","","","1"
"2013/2014","Quebec","2016A000224","Per capita transport expenditures","Dollars","81","units ","0","v123220290","6.3","1224.1","","","","1"
"2013/2014","Ontario","2016A000235","Transport expenditures","Dollars","81","millions","6","v123220291","7.1","4330.7","","","","1"
"2013/2014","Ontario","2016A000235","Population","Persons","249","thousands","3","v123220292","7.2","13609.5","","","","1"
"2013/2014","Ontario","2016A000235","Per capita transport expenditures","Dollars","81","units ","0","v123220293","7.3","318.2","","","","1"
"2013/2014","Manitoba","2016A000246","Transport expenditures","Dollars","81","millions","6","v123220294","8.1","646.4","","","","1"
"2013/2014","Manitoba","2016A000246","Population","Persons","249","thousands","3","v123220295","8.2","1269.6","","","","1"
"2013/2014","Manitoba","2016A000246","Per capita transport expenditures","Dollars","81","units ","0","v123220296","8.3","509.1","","","","1"
"2013/2014","Saskatchewan","2016A000247","Transport expenditures","Dollars","81","millions","6","v123220297","9.1","626.7","","","","1"
"2013/2014","Saskatchewan","2016A000247","Population","Persons","249","thousands","3","v123220298","9.2","1109.7","","","","1"
"2013/2014","Saskatchewan","2016A000247","Per capita transport expenditures","Dollars","81","units ","0","v123220299","9.3","564.7","","","","1"
"2013/2014","Alberta","2016A000248","Transport expenditures","Dollars","81","millions","6","v123220300","10.1","2404.4","","","","1"
"2013/2014","Alberta","2016A000248","Population","Persons","249","thousands","3","v123220301","10.2","4029.1","","","","1"
"2013/2014","Alberta","2016A000248","Per capita transport expenditures","Dollars","81","units ","0","v123220302","10.3","596.8","","","","1"
"2013/2014","British Columbia","2016A000259","Transport expenditures","Dollars","81","millions","6","v123220303","11.1","2448.5","","","","1"
"2013/2014","British Columbia","2016A000259","Population","Persons","249","thousands","3","v123220304","11.2","4612.7","","","","1"
"2013/2014","British Columbia","2016A000259","Per capita transport expenditures","Dollars","81","units ","0","v123220305","11.3","530.8","","","","1"
"2013/2014","Yukon","2016A000260","Transport expenditures","Dollars","81","millions","6","v123220306","12.1","113.5","","","","1"
"2013/2014","Yukon","2016A000260","Population","Persons","249","thousands","3","v123220307","12.2","36.2","","","","1"
"2013/2014","Yukon","2016A000260","Per capita transport expenditures","Dollars","81","units ","0","v123220308","12.3","3134.5","","","","1"
"2013/2014","Northwest Territories","2016A000261","Transport expenditures","Dollars","81","millions","6","v123220309","13.1","260.9","","","","1"
"2013/2014","Northwest Territories","2016A000261","Population","Persons","249","thousands","3","v123220310","13.2","43.7","","","","1"
"2013/2014","Northwest Territories","2016A000261","Per capita transport expenditures","Dollars","81","units ","0","v123220311","13.3","5969.5","","","","1"
"2013/2014","Nunavut","2016A000262","Transport expenditures","Dollars","81","millions","6","v123220312","14.1","123.7","","","","1"
"2013/2014","Nunavut","2016A000262","Population","Persons","249","thousands","3","v123220313","14.2","35.6","","","","1"
"2013/2014","Nunavut","2016A000262","Per capita transport expenditures","Dollars","81","units ","0","v123220314","14.3","3474.0","","","","1"
"2014/2015","Canada","2016A000011124","Transport expenditures","Dollars","81","millions","6","v123220273","1.1","22481.5","","","","1"
"2014/2015","Canada","2016A000011124","Population","Persons","249","thousands","3","v123220274","1.2","35677.5","","","","1"
"2014/2015","Canada","2016A000011124","Per capita transport expenditures","Dollars","81","units ","0","v123220275","1.3","630.1","","","","1"
"2014/2015","Newfoundland and Labrador","2016A000210","Transport expenditures","Dollars","81","millions","6","v123220276","2.1","429.5","","","","1"
"2014/2015","Newfoundland and Labrador","2016A000210","Population","Persons","249","thousands","3","v123220277","2.2","528.7","","","","1"
"2014/2015","Newfoundland and Labrador","2016A000210","Per capita transport expenditures","Dollars","81","units ","0","v123220278","2.3","812.3","","","","1"
"2014/2015","Prince Edward Island","2106A000211","Transport expenditures","Dollars","81","millions","6","v123220279","3.1","114.9","","","","1"
"2014/2015","Prince Edward Island","2106A000211","Population","Persons","249","thousands","3","v123220280","3.2","146.2","","","","1"
"2014/2015","Prince Edward Island","2106A000211","Per capita transport expenditures","Dollars","81","units ","0","v123220281","3.3","785.8","","","","1"
"2014/2015","Nova Scotia","2016A000212","Transport expenditures","Dollars","81","millions","6","v123220282","4.1","653.6","","","","1"
"2014/2015","Nova Scotia","2016A000212","Population","Persons","249","thousands","3","v123220283","4.2","944.1","","","","1"
"2014/2015","Nova Scotia","2016A000212","Per capita transport expenditures","Dollars","81","units ","0","v123220284","4.3","692.3","","","","1"
"2014/2015","New Brunswick","2016A000213","Transport expenditures","Dollars","81","millions","6","v123220285","5.1","411.2","","","","1"
"2014/2015","New Brunswick","2016A000213","Population","Persons","249","thousands","3","v123220286","5.2","755.3","","","","1"
"2014/2015","New Brunswick","2016A000213","Per capita transport expenditures","Dollars","81","units ","0","v123220287","5.3","544.4","","","","1"
"2014/2015","Quebec","2016A000224","Transport expenditures","Dollars","81","millions","6","v123220288","6.1","9604.6","","","","1"
"2014/2015","Quebec","2016A000224","Population","Persons","249","thousands","3","v123220289","6.2","8235.2","","","","1"
"2014/2015","Quebec","2016A000224","Per capita transport expenditures","Dollars","81","units ","0","v123220290","6.3","1166.3","","","","1"
"2014/2015","Ontario","2016A000235","Transport expenditures","Dollars","81","millions","6","v123220291","7.1","4647.1","","","","1"
"2014/2015","Ontario","2016A000235","Population","Persons","249","thousands","3","v123220292","7.2","13735.3","","","","1"
"2014/2015","Ontario","2016A000235","Per capita transport expenditures","Dollars","81","units ","0","v123220293","7.3","338.3","","","","1"
"2014/2015","Manitoba","2016A000246","Transport expenditures","Dollars","81","millions","6","v123220294","8.1","810.4","","","","1"
"2014/2015","Manitoba","2016A000246","Population","Persons","249","thousands","3","v123220295","8.2","1285.8","","","","1"
"2014/2015","Manitoba","2016A000246","Per capita transport expenditures","Dollars","81","units ","0","v123220296","8.3","630.3","","","","1"
"2014/2015","Saskatchewan","2016A000247","Transport expenditures","Dollars","81","millions","6","v123220297","9.1","693.7","","","","1"
"2014/2015","Saskatchewan","2016A000247","Population","Persons","249","thousands","3","v123220298","9.2","1125.1","","","","1"
"2014/2015","Saskatchewan","2016A000247","Per capita transport expenditures","Dollars","81","units ","0","v123220299","9.3","616.6","","","","1"
"2014/2015","Alberta","2016A000248","Transport expenditures","Dollars","81","millions","6","v123220300","10.1","2252.5","","","","1"
"2014/2015","Alberta","2016A000248","Population","Persons","249","thousands","3","v123220301","10.2","4133.6","","","","1"
"2014/2015","Alberta","2016A000248","Per capita transport expenditures","Dollars","81","units ","0","v123220302","10.3","544.9","","","","1"
"2014/2015","British Columbia","2016A000259","Transport expenditures","Dollars","81","millions","6","v123220303","11.1","2286.8","","","","1"
"2014/2015","British Columbia","2016A000259","Population","Persons","249","thousands","3","v123220304","11.2","4670.9","","","","1"
"2014/2015","British Columbia","2016A000259","Per capita transport expenditures","Dollars","81","units ","0","v123220305","11.3","489.6","","","","1"
"2014/2015","Yukon","2016A000260","Transport expenditures","Dollars","81","millions","6","v123220306","12.1","137.0","","","","1"
"2014/2015","Yukon","2016A000260","Population","Persons","249","thousands","3","v123220307","12.2","37.0","","","","1"
"2014/2015","Yukon","2016A000260","Per capita transport expenditures","Dollars","81","units ","0","v123220308","12.3","3701.5","","","","1"
"2014/2015","Northwest Territories","2016A000261","Transport expenditures","Dollars","81","millions","6","v123220309","13.1","349.0","","","","1"
"2014/2015","Northwest Territories","2016A000261","Population","Persons","249","thousands","3","v123220310","13.2","44.1","","","","1"
"2014/2015","Northwest Territories","2016A000261","Per capita transport expenditures","Dollars","81","units ","0","v123220311","13.3","7920.8","","","","1"
"2014/2015","Nunavut","2016A000262","Transport expenditures","Dollars","81","millions","6","v123220312","14.1","91.2","","","","1"
"2014/2015","Nunavut","2016A000262","Population","Persons","249","thousands","3","v123220313","14.2","36.2","","","","1"
"2014/2015","Nunavut","2016A000262","Per capita transport expenditures","Dollars","81","units ","0","v123220314","14.3","2520.9","","","","1"
"2015/2016","Canada","2016A000011124","Transport expenditures","Dollars","81","millions","6","v123220273","1.1","24472.2","","","","1"
"2015/2016","Canada","2016A000011124","Population","Persons","249","thousands","3","v123220274","1.2","35981.7","","","","1"
"2015/2016","Canada","2016A000011124","Per capita transport expenditures","Dollars","81","units ","0","v123220275","1.3","680.1","","","","1"
"2015/2016","Newfoundland and Labrador","2016A000210","Transport expenditures","Dollars","81","millions","6","v123220276","2.1","422.4","","","","1"
"2015/2016","Newfoundland and Labrador","2016A000210","Population","Persons","249","thousands","3","v123220277","2.2","529.4","","","","1"
"2015/2016","Newfoundland and Labrador","2016A000210","Per capita transport expenditures","Dollars","81","units ","0","v123220278","2.3","797.9","","","","1"
"2015/2016","Prince Edward Island","2106A000211","Transport expenditures","Dollars","81","millions","6","v123220279","3.1","119.4","","","","1"
"2015/2016","Prince Edward Island","2106A000211","Population","Persons","249","thousands","3","v123220280","3.2","147.0","","","","1"
"2015/2016","Prince Edward Island","2106A000211","Per capita transport expenditures","Dollars","81","units ","0","v123220281","3.3","812.3","","","","1"
"2015/2016","Nova Scotia","2016A000212","Transport expenditures","Dollars","81","millions","6","v123220282","4.1","653.6","","","","1"
"2015/2016","Nova Scotia","2016A000212","Population","Persons","249","thousands","3","v123220283","4.2","945.2","","","","1"
"2015/2016","Nova Scotia","2016A000212","Per capita transport expenditures","Dollars","81","units ","0","v123220284","4.3","691.5","","","","1"
"2015/2016","New Brunswick","2016A000213","Transport expenditures","Dollars","81","millions","6","v123220285","5.1","506.5","","","","1"
"2015/2016","New Brunswick","2016A000213","Population","Persons","249","thousands","3","v123220286","5.2","754.5","","","","1"
"2015/2016","New Brunswick","2016A000213","Per capita transport expenditures","Dollars","81","units ","0","v123220287","5.3","671.4","","","","1"
"2015/2016","Quebec","2016A000224","Transport expenditures","Dollars","81","millions","6","v123220288","6.1","10281.1","","","","1"
"2015/2016","Quebec","2016A000224","Population","Persons","249","thousands","3","v123220289","6.2","8279.2","","","","1"
"2015/2016","Quebec","2016A000224","Per capita transport expenditures","Dollars","81","units ","0","v123220290","6.3","1241.8","","","","1"
"2015/2016","Ontario","2016A000235","Transport expenditures","Dollars","81","millions","6","v123220291","7.1","5339.9","","","","1"
"2015/2016","Ontario","2016A000235","Population","Persons","249","thousands","3","v123220292","7.2","13854.2","","","","1"
"2015/2016","Ontario","2016A000235","Per capita transport expenditures","Dollars","81","units ","0","v123220293","7.3","385.4","","","","1"
"2015/2016","Manitoba","2016A000246","Transport expenditures","Dollars","81","millions","6","v123220294","8.1","943.0","","","","1"
"2015/2016","Manitoba","2016A000246","Population","Persons","249","thousands","3","v123220295","8.2","1301.4","","","","1"
"2015/2016","Manitoba","2016A000246","Per capita transport expenditures","Dollars","81","units ","0","v123220296","8.3","724.6","","","","1"
"2015/2016","Saskatchewan","2016A000247","Transport expenditures","Dollars","81","millions","6","v123220297","9.1","790.9","","","","1"
"2015/2016","Saskatchewan","2016A000247","Population","Persons","249","thousands","3","v123220298","9.2","1137.4","","","","1"
"2015/2016","Saskatchewan","2016A000247","Per capita transport expenditures","Dollars","81","units ","0","v123220299","9.3","695.4","","","","1"
"2015/2016","Alberta","2016A000248","Transport expenditures","Dollars","81","millions","6","v123220300","10.1","2489.5","","","","1"
"2015/2016","Alberta","2016A000248","Population","Persons","249","thousands","3","v123220301","10.2","4201.5","","","","1"
"2015/2016","Alberta","2016A000248","Per capita transport expenditures","Dollars","81","units ","0","v123220302","10.3","592.5","","","","1"
"2015/2016","British Columbia","2016A000259","Transport expenditures","Dollars","81","millions","6","v123220303","11.1","2337.5","","","","1"
"2015/2016","British Columbia","2016A000259","Population","Persons","249","thousands","3","v123220304","11.2","4713.8","","","","1"
"2015/2016","British Columbia","2016A000259","Per capita transport expenditures","Dollars","81","units ","0","v123220305","11.3","495.9","","","","1"
"2015/2016","Yukon","2016A000260","Transport expenditures","Dollars","81","millions","6","v123220306","12.1","137.0","","","","1"
"2015/2016","Yukon","2016A000260","Population","Persons","249","thousands","3","v123220307","12.2","37.2","","","","1"
"2015/2016","Yukon","2016A000260","Per capita transport expenditures","Dollars","81","units ","0","v123220308","12.3","3679.3","","","","1"
"2015/2016","Northwest Territories","2016A000261","Transport expenditures","Dollars","81","millions","6","v123220309","13.1","324.9","","","","1"
"2015/2016","Northwest Territories","2016A000261","Population","Persons","249","thousands","3","v123220310","13.2","44.4","","","","1"
"2015/2016","Northwest Territories","2016A000261","Per capita transport expenditures","Dollars","81","units ","0","v123220311","13.3","7317.8","","","","1"
"2015/2016","Nunavut","2016A000262","Transport expenditures","Dollars","81","millions","6","v123220312","14.1","126.6","","","","1"
"2015/2016","Nunavut","2016A000262","Population","Persons","249","thousands","3","v123220313","14.2","36.7","","","","1"
"2015/2016","Nunavut","2016A000262","Per capita transport expenditures","Dollars","81","units ","0","v123220314","14.3","3453.5","","","","1"
